Grupo,Valor
Controle,10.10112341428588
Controle,10.999902666475657
Controle,8.00818213778627
Controle,11.387197016582624
Controle,9.16339695994618
Tratamento,11.830845529775752
Tratamento,13.704586465756298
Tratamento,16.197150347934755
Tratamento,15.66450006521993
Tratamento,12.70504673410904
